Latitude,Longitude,Start Time [UTC],Stop Time [UTC],Rise Time [s],Set Time [s]
-90.0,-180.0,2020-01-01T00:00:00.000,2020-01-08T00:00:00.000
-70.0,-180.0,2020-01-01T00:00:00.000,2020-01-08T00:00:00.000,4533.68193842697,4858.390832441956,10759.323941978868,10950.382345078158,70663.46061247264,70887.34367534588,76774.90706115498,77102.8071820386,82962.49729667317,83297.78482363505,89157.31403359713,89486.88982164326,95369.32632460672,95605.34148940859,155321.60775316952,155494.8676522717,161403.90804888078,161726.38129405942,167585.975517416,167921.24098069576,173781.15676777702,174113.7397580309,179985.11910135462,180252.05466965836,240004.18364650419,240080.58118675006,246035.10512189788,246349.46411329223,252209.64701980635,252544.8000099201,258405.0436887695,258739.3218694763,264604.1481812937,264893.2053541851,330669.02231432416,330971.7149565189,336833.72054848005,337168.5053320538,343028.86345481797,343363.9746951652,349225.1860508372,349530.1630712956,415306.3151014855,415592.64730094577,421458.4512154677,421792.34777388116,427652.5564696081,427987.99581958936,433847.5128565671,434163.8032422502,440107.5631681567,440205.155006121,499947.8844871153,500211.5149776375,506084.13695983234,506416.2666536061,512276.1147110349,512611.63978779415,518470.65511769836,518794.7691735545,524698.9757744367,524881.7748687799,584595.161363278,584827.0283917099,590711.1167465075,591040.1495356405,596899.5827674959,597235.1145846387,603094.2792537248,603423.5788462482
-70.0,-120.00000000000001,2020-01-01T00:00:00.000,2020-01-08T00:00:00.000,58577.0822416747,58863.874901300616,64729.781515054434,65063.52804878705,70923.93132265445,71259.1861080431,77119.02050265187,77434.44618352395,83383.14658430808,83470.98128232519,143218.44249544563,143482.80784638092,149355.4127566962,149687.42075797496,155547.4807683652,155882.83876368866,161742.09134269573,162065.55194263934,167971.87465317248,168150.39489663127,227865.43906322992,228098.45013434548,233982.32229828343,234311.28158385097,240170.939627169,240506.30987412273,246365.66399409904,246694.4726476416,252579.97685056104,252807.83561294622,312520.86269597034,312708.14056032413,318610.8897687014,318934.9452890411,324794.402728413,325129.76005172875,330989.49078670976,331321.65396208235,337194.8258396375,337456.04561956215,397193.91786411544,397302.79268131545,403241.54597830225,403558.18213609775,409418.01755329187,409753.2975909282,415613.3921277433,415947.4873287737,421813.299478025,422098.2741091874,487874.7934568812,488180.6762662385,494041.9818647202,494376.97773746937,500237.24491593067,500572.3205136051,506433.98977794446,506736.0681910713,572511.250399423,572801.9815519981,578666.5409994075,579000.8030067337,584860.9781813555,585196.4602849721,591056.0982131079,591370.3788953196,597331.4906535943,597393.1484841119
-70.0,-60.00000000000001,2020-01-01T00:00:00.000,2020-01-08T00:00:00.000,40462.73402691305,40575.468162849334,46512.61510485076,46829.34329862282,52689.39687667472,53024.51044128982,58884.771609521755,59218.57635969498,65085.05105955954,65368.43920919611,131145.73235949888,131451.8434631664,137313.33420250544,137648.1653096373,143508.60676812034,143843.45457444948,149705.5929082121,150006.467784768,215782.0300638679,216073.17469176577,221937.8553195229,222271.9635476686,228132.32822964535,228467.62183350738,234327.59590412487,234640.96289077352,240610.98490771782,240654.98517192565,300422.32580336224,300692.6786190854,306563.24660550244,306895.85858938633,312755.9136136682,313091.34477915993,318950.53151317924,319272.61886383384,325185.1465746593,325349.5767050324,385067.8608913018,385309.25821304205,391189.8356599537,391519.7524057537,397379.3927911344,397714.8445810103,403574.0332304065,403901.98251891095,409790.9324213844,410009.92042538954,469720.9466787905,469920.7345641634,475817.99203748506,476143.49301681755,482002.84873699886,482338.293416902,488197.8358127944,488529.5139422575,494404.7054343173,494659.7655955105,554387.9958344983,554520.815446397,560448.1336203575,560766.8667240798,566626.4173083192,566961.8113675201,572821.7460728863,573155.6152653383,579022.5607235634,579303.1416351325
-70.0,0.0,2020-01-01T00:00:00.000,2020-01-08T00:00:00.000,28338.254949538124,28580.65961443736,34461.08875875055,34790.915946395726,40650.77904322416,40986.067283713215,46845.45889178059,47172.87211524983,53063.33494295185,53279.1666876164,112990.96372413007,113192.35606671638,119089.16233965397,119414.63839765427,125274.22344157904,125609.50483368154,131469.22083939466,131800.49604305805,137676.70728540502,137929.5126527437,197657.2105620501,197793.0759914312,203719.20159453835,204038.00278292317,209897.77525148142,210233.00369274206,216093.10289371933,216426.66718347097,222294.3227232033,222573.2230813485,288351.68670316745,288660.7196242647,294521.61862908595,294856.6337422932,300716.96689054166,301051.74489015667,306914.46867864474,307212.1462764943,372987.1982308423,373282.38445364207,379145.9860855142,379480.4120181942,385340.72752674756,385676.04726543184,391536.2220529978,391847.35386002203,457626.4937061046,457902.4015924658,463771.1544817798,464104.30345607834,469964.3508969232,470299.85084827454,476159.00543458504,476479.5859247369,482399.3666480625,482547.69914654194,542270.6835365206,542519.8085777715,548397.4422962258,548728.221277183,554587.8551378212,554923.3873001947,560782.4239152094,561109.4145026682,567002.2432331723,567211.5439091483
-70.0,60.00000000000001,2020-01-01T00:00:00.000,2020-01-08T00:00:00.000,16258.052919329239,16553.593419860266,22417.33840474221,22751.606011267802,28612.107538127555,28947.22774056853,34807.77497216362,35117.91426915714,100897.16280513338,101173.65629219089,107042.4593651734,107375.47035023564,113235.7212164739,113571.04714002667,119430.47450825654,119750.30269644286,125672.97844039046,125815.55228757318,185541.11332959883,185791.15485328017,191668.68507007076,191999.36416037593,197859.21684074542,198194.5857744971,204053.83222353592,204380.25610544687,210274.74141910972,210480.617691807,270191.80939678825,270404.3198055102,276296.37323155726,276623.1507374657,282482.66264916206,282818.02955198305,288677.55826119013,289008.2551639558,294886.81796632236,295132.82680598006,354853.82685643976,355008.6989079165,360925.9273672015,361246.63443004584,367106.17993289133,367441.51316841086,373301.441079993,373634.7164430371,379503.71822719905,379777.79050943244,445557.8106137195,445869.54610929516,451729.94171973714,452065.1184574147,457925.33023029554,458260.0088111258,464123.4264012384,464417.6573861477,530192.5755957789,530491.5124969472,536354.1700192408,536688.8740894542,542549.1289131297,542884.4595005414,548744.9035530043,549053.6120555747
-70.0,120.00000000000001,2020-01-01T00:00:00.000,2020-01-08T00:00:00.000,4197.052617474348,4517.797973500365,10377.569568016306,10712.737163485002,16572.832450570535,16905.77566396684,22775.56768694801,23047.8123000594,88828.81783971078,89140.70826409606,95001.30879642593,95336.31904623534,101196.69998979328,101531.1227003744,107395.09714784459,107687.94717834197,173463.43898510834,173762.68970554092,179625.5048743104,179960.04821580954,185820.4843214707,186155.60939644524,192016.4496432423,192324.1091142955,258101.61464910518,258383.2092892276,264250.4226714651,264583.90388268244,270444.13730184454,270779.5239080203,276638.9729102146,276957.1090640114,282889.0398079933,283011.641793318,342744.3326100548,343001.43120143766,348876.36933232227,349207.81383227796,355067.66259910626,355403.1106426587,361262.2301162816,361587.5568830778,367486.5902460371,367681.51920215244,427393.23229399417,427615.8541265169,433503.69308203633,433831.65362580755,439691.11646372394,440026.56664509105,445885.910463186,446215.95097348705,452097.1535115593,452335.81481294765,512051.8870035075,512223.0307264474,518132.7862825019,518455.2418911456,524314.6084225364,524650.0382835888,530509.7871828342,530842.7200746678,536713.2503258733,536982.1265043378,596736.6001451024,596806.7734864643,602764.0965513273,603078.3282566831
-50.0,-180.0,2020-01-01T00:00:00.000,2020-01-08T00:00:00.000,10977.696004711966,11282.009904172424,64263.65887347766,64398.2600487769,70373.5662501475,70646.09476480215,95619.5277670122,95879.03731739536,101840.9557514266,102023.78646926735,154974.49482377505,155285.39257923348,180275.2971498814,180457.227373631,186428.521080934,186699.70637322744,239587.8335383293,239917.1338534183,271036.29594115866,271350.7487357184,324212.7787802629,324542.0679781794,355654.4716538742,355986.69638365513,408850.1716758813,409159.30227864045,440280.189859105,440610.36427161784,493503.2151792874,493765.59372763406,499735.62196875986,499925.3781104656,524912.7431366354,525222.4055852062,578183.7239681219,578349.1057039475,584316.1706134167,584579.3506806213
-50.0,-147.27272727272728,2020-01-01T00:00:00.000,2020-01-08T00:00:00.000,4961.1912702342615,5294.694173400681,58166.63507982402,58460.55546891443,64462.71124767064,64574.608640537575,89589.54710803529,89913.7853797218,142828.17700347397,143060.17207375093,149022.15302962495,149246.68707613408,174224.88360066272,174521.08434093307,227537.94134238298,227616.24848111384,233611.09073172702,233894.19681634815,258869.10164702949,259114.63594604502,265073.4476056144,265283.08044222614,318214.9750885037,318531.65245340974,343530.5454980951,343686.05288211757,349667.5225568816,349951.45462684304,402830.9238703328,403161.88598789426,434278.1286393576,434598.624864677,487458.53008659993,487785.24990138056,518898.1880043749,519231.63864100626,572099.0274126899,572400.4608292673,578422.3779079317,578492.2921169527,603525.485964609,603852.663837259
-50.0,-114.54545454545456,2020-01-01T00:00:00.000,2020-01-08T00:00:00.000,52137.911403044236,52469.30411870437,83582.51017282325,83910.4096869067,136770.4410751631,137089.59554272727,168205.50834331827,168538.56075926838,221417.00244582133,221700.5754442198,227686.9826764713,227833.98934859727,252835.4241622902,253155.02550793192,306084.38400652655,306295.42600914906,312256.5665005411,312497.0514588756,337472.5331779494,337759.471540172,343755.21783906466,343826.806188468,396849.34491588577,397141.84135799983,422119.48150145187,422349.200269325,428308.22419789265,428539.87699962704,481456.0605145039,481777.5770784447,506789.213101948,506911.2289274247,512907.3317512904,513202.1812801426,566074.6029166008,566406.3167510631,597520.4535718532,597845.79254865
-50.0,-81.81818181818184,2020-01-01T00:00:00.000,2020-01-08T00:00:00.000,46147.851449549766,46454.35954369022,71439.65638410649,71636.69130865003,77603.03890145288,77864.57051940101,130759.43215000187,131087.12257955002,162208.7025752759,162518.4167104618,215382.62724388952,215713.07823493239,246825.54866151558,247156.39198572547,300018.0342232961,300331.57669873856,331450.1952766036,331781.8383510776,384668.3615899026,384939.8672187319,390915.3196027623,391089.57769861765,416081.68376084685,416395.6601172614,469342.9149872496,469528.61915812374,475492.0208954873,475746.64812596695,500720.68765249196,500997.1273956967,506970.87488826056,507103.5461047784,560088.2859818382,560389.0704945152,585370.8520139259,585582.5444003716,591544.6428062397,591794.8181676577
-50.0,-49.090909090909115,2020-01-01T00:00:00.000,2020-01-08T00:00:00.000,33991.7071715509,34235.81424339512,40199.87854439084,40412.59500907692,65393.37602577477,65695.10899420215,118686.718469563,118805.92811999905,124785.99013654668,125062.18275994268,150035.97149983043,150291.00970260982,156251.4737310026,156443.88734801658,209387.92014553375,209700.8505634651,234693.4398603254,234867.13471803704,240841.4237868502,241117.0772917308,294002.1318259505,294332.08663276024,325450.18293605105,325766.78863234946,378627.9586363974,378956.50305731717,410069.00013801176,410401.7450652517,463266.36826120235,463573.08117869316,494695.24796204956,495024.52949897427,547920.8442787557,548178.2984678526,554146.1012255623,554342.9956191803,579328.3408304234,579635.6727956021
-50.0,-16.363636363636388,2020-01-01T00:00:00.000,2020-01-08T00:00:00.000,27939.10348007709,28261.36407417668,59375.92212812654,59709.38212348698,112583.32058465057,112873.96975405692,118870.16273800403,118995.01082641228,144004.7976499129,144327.598571809,197246.69557286444,197472.1112135001,203433.49850045887,203663.57049687067,228640.7135994338,228933.95832260328,281970.37421619997,282014.63161083945,288023.76341609575,288310.1268304729,313285.7977748808,313526.2799846435,319484.8255977685,319702.25050224306,372628.60359889996,372946.9973513493,397949.61301111226,398094.9589173715,404080.70849942183,404368.47111567424,457245.4178821609,457576.73223800736,488692.1841788351,489014.42427815066,541873.9232957523,542199.5599893143,573312.8463282551,573646.4844938109
-50.0,16.36363636363634,2020-01-01T00:00:00.000,2020-01-08T00:00:00.000,21931.290975167114,22256.970478956988,47290.726327203985,47359.84516198658,53381.363687532525,53685.73504436432,106552.74919516272,106883.93334145365,137996.8091123578,138325.80851510676,191186.22583527677,191503.63948070531,222620.36317169762,222953.05186431666,275834.00630275044,276113.7592289364,282096.08838417876,282252.8284704156,307250.80090731586,307568.63835684233,360503.5977679946,360706.75765074324,366668.276250962,366913.6617289008,391888.52606817055,392172.1074714984,398158.0078919735,398254.83888470865,451262.25071699504,451557.62881745445,476536.483414188,476760.46210899984,482720.2035303301,482958.3746748207,535869.8882171814,536192.8125516974,561210.0654106585,561318.2730976676,567320.7615700411,567618.8823787171
-50.0,49.090909090909065,2020-01-01T00:00:00.000,2020-01-08T00:00:00.000,9841.55640023765,9989.664236690225,15961.229646551883,16229.94980388802,41203.159349574344,41466.96440518358,47430.82185355548,47603.277894040504,100561.13834908664,100869.8957960872,125857.3782354905,126047.07053309742,132015.7238917344,132282.206377043,185173.6003560136,185502.14581789012,216622.46851251074,216934.62538742606,269797.6685341242,270127.5928085062,301239.9876034591,301571.5790394297,354434.06095490686,354745.4668136336,385865.17229367595,386196.1338749562,439085.7231856739,439352.7810679091,445325.35331557615,445507.58038029715,470497.1910434169,470809.06775150885,523763.103295132,523939.0637156749,529904.0470173982,530163.0329931916,555136.8608164861,555409.5070503012,561379.1417112189,561526.0307800728
-50.0,81.81818181818178,2020-01-01T00:00:00.000,2020-01-08T00:00:00.000,3750.048749699989,4047.0712327494693,10056.220220023322,10153.2763811095,35174.33795426057,35499.90620524189,88409.85224417235,88648.06842127458,94610.94335267304,94829.69827160986,119809.10484186394,120108.13417776067,173111.16491957984,173212.23870982425,179198.4989990603,179478.21601900164,204452.4946058722,204702.87745040888,210662.3188867805,210863.6374768525,263801.41376932967,264116.2703454849,289111.84117178275,289276.7577540906,295254.4260553778,295534.3249435916,348416.4952349998,348747.00405806344,379864.12771749333,380182.74680891435,433043.20881498704,433370.8973005614,464483.5724406389,464816.7256471784,517682.65276721114,517986.80118808034,524022.87414595933,524064.0144733368,549110.3465908703,549438.6294697754,602338.6180854362,602590.8876922216
-50.0,114.5454545454545,2020-01-01T00:00:00.000,2020-01-08T00:00:00.000,29168.25966745406,29494.938447696117,82354.7340569999,82675.50330443903,113790.69458072068,114124.00424078076,167000.10851649332,167287.3109426825,173278.30624063162,173414.75133538473,198420.08988206953,198741.3454205214,251665.42461098236,251883.8691640414,257844.9719288704,258080.35636004977,283056.59626704885,283346.7547927699,342436.51533438166,342726.0078296972,367702.58883596543,367937.8036611356,373896.42531011015,374121.1751782875,427042.2988655285,427362.3054435926,452369.1276518724,452503.3921511266,458493.9795434518,458785.37870381336,511659.97753200034,511991.5425818888,543106.2929274729,543430.1464173223,596289.3894736855,596613.8266261729
-50.0,147.27272727272722,2020-01-01T00:00:00.000,2020-01-08T00:00:00.000,17022.109615240362,17226.111508600665,23190.4736485328,23446.791347406175,76345.32899987562,76672.06414622393,101719.91090413644,101758.44634032807,107795.00018026948,108102.12066756972,160967.6543120338,161298.5248875038,192411.15556436466,192741.13581873538,245602.08972040899,245917.63370689025,277035.2588671047,277367.4776969609,330251.1244136897,330526.85817607236,336505.5514682012,336671.3406113673,361666.22059660725,361982.1834280622,414923.0957731312,415117.83443791186,421080.0959305013,421330.19240856013,446304.5768537757,446584.66002616275,452563.65276661597,452679.99298236636,505675.2314596413,505973.37140169396,530953.6034511536,531171.5802756338,537132.3475411849,537376.683750056,590283.7817432861,590608.0121096964
-50.0,179.99999999999994,2020-01-01T00:00:00.000,2020-01-08T00:00:00.000,10977.696004711965,11282.009904172424,64263.65887347766,64398.2600487769,70373.56625014752,70646.09476480214,95619.5277670122,95879.03731739537,101840.9557514266,102023.78646926735,154974.49482377505,155285.39257923348,180275.2971498814,180457.227373631,186428.521080934,186699.70637322744,239587.8335383293,239917.1338534183,271036.29594115866,271350.7487357184,324212.7787802629,324542.0679781794,355654.4716538742,355986.69638365513,408850.1716758813,409159.30227864045,440280.189859105,440610.36427161784,493503.2151792874,493765.59372763406,499735.62196876,499925.3781104656,524912.7431366354,525222.4055852062,578183.7239681219,578349.1057039475,584316.1706134167,584579.3506806213
-30.000000000000004,-180.0,2020-01-01T00:00:00.000,2020-01-08T00:00:00.000,17485.043866176875,17768.690641325466,63848.38739792582,64164.72745284159,102092.49109245138,102418.89708926198,148507.09236766593,148764.86153117105,186719.71243664285,187044.95248882432,233232.76506415338,233302.2054306815,271366.1881877902,271647.11495847,323980.1269936756,324158.4087250676,356047.0373304149,356209.93033349566,408548.8473811232,408833.89328982146,446871.0601864554,446992.262846906,493153.7196066481,493478.18686269067,531427.50458803,531698.4498224221,577782.177769173,578103.5300916432
-30.000000000000004,-156.0,2020-01-01T00:00:00.000,2020-01-08T00:00:00.000,11422.207830741521,11726.387668849758,57802.43068467222,58105.0107544412,96037.1045322599,96367.65487275318,142473.86548656656,142693.86555052554,180670.5646172379,180985.8998951976,265325.49481137615,265577.9293921018,317900.1777022901,318127.5377348443,350046.8555584312,350098.4219319356,402484.8147308508,402788.85239520296,440782.2654120435,440977.6073704254,487098.2512189696,487426.2077748216,525362.9809149136,525658.0981815876,571734.6616620651,572045.1297879573
-30.000000000000004,-132.0,2020-01-01T00:00:00.000,2020-01-08T00:00:00.000,5362.306878358206,5680.642763443602,51759.89931036256,52042.37414071114,89983.84925742315,90313.74908230217,136449.8792583661,136614.116909879,174623.83215090065,174923.86566693394,227284.1508900798,227390.7835139527,259289.79243375768,259503.1437050874,311827.7882134516,312089.7235575492,396424.0150449277,396741.1505964856,434707.33841046813,434948.5966517158,481045.44600626995,481372.1020591578,519301.72682971193,519613.9734885965,565690.319377418,565984.0651676751,603920.1388096692,604251.0484555889
-30.000000000000004,-108.0,2020-01-01T00:00:00.000,2020-01-08T00:00:00.000,45721.5813078955,45976.0231235794,83932.71093560773,84257.1833114773,130457.39241124246,130503.3538302348,168579.93117425588,168858.41988028924,221189.64978247404,221373.89201841963,253262.92712002335,253418.89505274835,305760.32504161715,306047.5833859623,344079.0751081419,344209.9559027561,390366.1035329577,390691.1195303062,428638.9272512059,428912.5776356978,474995.35232800053,475315.81107889186,513243.14643539896,513566.6643570719,559649.7259465242,559919.7535799365,597867.9701027054,598195.7982536746
-30.000000000000004,-84.0,2020-01-01T00:00:00.000,2020-01-08T00:00:00.000,39689.064460841,39904.36355635024,77883.78534111631,78197.84996512982,162539.6397114239,162788.76987145926,215110.6900339098,215342.09147226394,299696.6433908861,300002.2467422615,337992.4406705789,338193.0890761802,384310.9060854545,384638.9211662915,422574.7589272688,422871.8180746185,468948.14049444126,469257.1552966416,507186.90624612995,507516.496032582,553613.9696070963,553851.1010505295,591817.9529301297,592137.8476278216
-30.000000000000004,-60.00000000000001,2020-01-01T00:00:00.000,2020-01-08T00:00:00.000,33666.47880166101,33823.26064290148,71837.30536769918,72135.50341299144,124491.19442903415,124608.69845587248,156504.56134750383,156713.2960263146,209038.88338474822,209303.75286192785,293636.1491918002,293954.29352575686,331918.3220409537,332163.21821495955,378258.37167394365,378584.59519179683,416513.78524290776,416827.3597793865,462904.1468530044,463195.7897435093,501132.83221039013,501463.63307989284,547585.4616135329,547775.6902465621,585770.247752848,586077.0238458966
-30.000000000000004,-36.0,2020-01-01T00:00:00.000,2020-01-08T00:00:00.000,65793.712915981,66069.68789392806,118399.31206901059,118589.2499135214,150479.02773940997,150627.64976100545,202971.84426525512,203261.24542894948,241287.48528790692,241427.25669127316,287578.518710772,287904.0341956225,325850.3936826176,326126.6643115654,372208.5602671035,372528.0715729343,410455.4434598474,410779.7580726401,456863.9830502372,457131.09626740695,495080.8683697448,495408.12129403703,541572.4480118264,541685.2709126781,579725.180974651,580012.9871806094
-30.000000000000004,-12.0,2020-01-01T00:00:00.000,2020-01-08T00:00:00.000,59753.83788561283,59999.5583091696,112321.27582724567,112556.58581589363,196908.5078585239,197215.61884582552,235202.72566552283,235408.46378084493,281523.5918144136,281851.61680350767,319786.5712310704,320085.5061796607,366161.6562531934,366469.15662719845,404399.4187206076,404729.3193694289,450828.8182019053,451061.898655217,489031.06590538163,489349.8980384742,573683.3586563609,573945.1172097466
-30.000000000000004,12.0,2020-01-01T00:00:00.000,2020-01-08T00:00:00.000,21698.764690046737,21826.10079550112,53719.41939261105,53923.360572699654,106250.0297579807,106517.74486667274,190848.3160048882,191167.41718852732,229129.36649986432,229377.78179639467,275471.32901784667,275797.0697003405,313725.8727753794,314040.71941503393,360118.0176155066,360407.484208703,398345.5499333202,398676.19542383566,444801.3109626639,444985.53323879774,482983.5987742744,483288.77701587795,535668.9078204276,535731.2378155345,567645.9659792329,567872.213298017
-30.000000000000004,36.0,2020-01-01T00:00:00.000,2020-01-08T00:00:00.000,15609.102400968895,15804.493964578824,47695.37197269748,47836.16157188132,100183.40441853202,100474.88032185566,138496.21957109167,138644.23649064885,184790.96506095454,185116.93094982838,223061.90267113346,223340.71123839632,269421.8018403742,269740.31130745495,307667.76667298644,307992.82792113896,354078.29526168876,354342.3962072443,392293.7913889228,392620.42140047305,438791.4040735092,438892.0529207526,476938.8140539101,477224.3975544918,529561.5569312825,529727.009578607,561615.791394105,561791.4704682239
-30.000000000000004,60.00000000000001,2020-01-01T00:00:00.000,2020-01-08T00:00:00.000,9531.931979876439,9771.023911385713,94120.40779225309,94428.96909550505,132413.11259371325,132623.73955379834,178736.30846730585,179064.29467440076,216998.41719343734,217299.16343606162,263375.20947653765,263681.1333035268,301611.95594690414,301942.1201919549,348043.7474401703,348272.62815073354,386244.20529303147,386561.92370100174,470897.3562072085,471156.1012878712,523479.3876542681,523698.23765672016,555604.3714322577,555691.3339798424
-30.000000000000004,84.0,2020-01-01T00:00:00.000,2020-01-08T00:00:00.000,3461.2260718536086,3731.7007531159516,88060.5153693181,88380.52179406784,126340.46925881952,126592.29005688791,172684.31815161888,173009.5254651797,210937.98905908354,211254.05283720695,257331.93259973,257619.14692865277,295558.2919067694,295888.7355140823,342017.3184493156,342195.2305670657,380196.9794713724,380500.5020014946,432872.50108229165,432952.5594545241,464860.49964354956,465082.5976429181,517405.75710876344,517661.5472110926,601999.8454423754,602314.8060777106
-30.000000000000004,108.0,2020-01-01T00:00:00.000,2020-01-08T00:00:00.000,35705.22639034484,35860.946807538836,82003.44260970493,82329.80988107636,120273.45308441884,120554.71960997724,166635.077425296,166952.53002263798,204880.11590223754,205205.87417106098,251292.66438478214,251553.651903937,289506.73933790904,289832.69849056174,336011.31826447515,336097.8892198727,374152.4828110198,374435.7739351583,426770.7572570621,426942.7863972276,458831.3323568281,459000.78220639436,511337.41196764784,511620.1748034105,549663.5440823557,549774.0738624661,595941.367006422,596265.23611311
-30.000000000000004,132.0,2020-01-01T00:00:00.000,2020-01-08T00:00:00.000,29623.594673149346,29838.923451864728,75949.05616268824,76276.95476566882,114210.29623567156,114512.79034953585,160588.8007485617,160893.0848450497,198824.51794437366,199154.89864516514,245258.76160160598,245483.28533880398,283457.3714055514,283773.92439406505,368111.40097554703,368367.0392491889,420689.7422694814,420912.9210976211,452824.45039563504,452896.0409212295,505273.02222475025,505575.4353968616,543572.2096433113,543762.0093761754,589885.6271450052,590213.4766536144
-30.000000000000004,156.0,2020-01-01T00:00:00.000,2020-01-08T00:00:00.000,23551.627998712796,23806.745448084697,69897.33936214415,70221.9623648576,108150.13385143662,108467.36048139678,154545.89280984452,154830.7772688424,192771.05830722296,193101.2533887253,239233.5010017335,239404.76540038604,277410.3904126394,277712.1983686353,330077.81336892536,330172.17703962617,362075.1069635699,362292.9092524449,414616.7456277503,414875.6555217938,499211.91375885805,499527.98818363383,537496.4183846505,537733.9142208139,583832.551746877,584159.5904330991
-10.0,-180.0,2020-01-01T00:00:00.000,2020-01-08T00:00:00.000,17790.288696632244,18118.038998185366,63530.62100996545,63831.44575213623,102438.22924146244,102724.41269897594,148145.6501576495,148471.26509470574,187135.58020192233,187279.179404975,232790.05943607987,233083.51352727096,317479.0435316778,317652.70960877166,362533.5026926413,362733.3317335974,447110.6805192513,447414.2094534665,492909.15898937,493073.44744243455,531726.2180523364,532055.2213057987,577472.3860414928,577762.6209581018
-10.0,-158.8235294117647,2020-01-01T00:00:00.000,2020-01-08T00:00:00.000,11744.675968686848,12028.527283540947,57451.07986187718,57776.56102532782,96445.15514595085,96580.07556955518,142096.4455971081,142387.8862643458,226787.80391658717,226954.7332427775,271836.25999912195,272041.31866234384,356415.1929439395,356720.3824565118,402211.0517375051,402382.13867114356,441031.57893569814,441360.4790704091,486776.6934651058,487068.9533399362,525675.3308055308,525971.4033498251,571387.35600824,571712.9362716965
-10.0,-137.6470588235294,2020-01-01T00:00:00.000,2020-01-08T00:00:00.000,5755.100144193648,5880.604850083399,51402.87126406928,51692.22658558727,136096.76566115944,136256.5628338696,181139.12482263587,181349.20163671792,265719.7389934711,266026.52588274545,311513.1252262138,311690.6579567433,350336.9668804862,350665.71343985246,396081.0389300132,396375.2552881721,434981.5968057916,435275.68278886715,480692.65257735277,481018.33139001764,519669.4407295544,519840.28307674016,565333.635226333,565633.881202288
-10.0,-116.47058823529409,2020-01-01T00:00:00.000,2020-01-08T00:00:00.000,45405.954907916945,45558.17149695272,90442.09001831104,90656.99027091364,175024.31821770134,175332.6402686247,220815.35954661062,220999.0243513401,259642.38188654758,259970.92439828053,305385.42177549144,305681.5274627258,344287.89988681796,344579.9285361366,389997.97754155204,390323.70527756907,428978.0908249754,429142.09360583645,474639.8832870917,474938.3665708373,559323.1697196277,559513.1915420397,604393.4126542482,604578.1254287324
-10.0,-95.29411764705881,2020-01-01T00:00:00.000,2020-01-08T00:00:00.000,84328.93021461724,84638.72612532505,130117.73992944608,130307.2525777725,168947.82411910023,169276.11192787514,214689.84140068453,214987.77049775873,253594.2408486254,253884.1396789168,299303.33098140074,299629.05792229885,338286.9462692845,338443.7014892394,383946.1680166526,384242.822284742,468631.4949147911,468815.63299401395,513695.83717271086,513886.4334997664,598269.9025435175,598570.5205425561
-10.0,-74.11764705882352,2020-01-01T00:00:00.000,2020-01-08T00:00:00.000,39420.25363428768,39615.355581175114,78253.29371030255,78581.27600121134,123994.29724768376,124293.98494069521,162900.62065777674,163188.31541904877,208608.7129539375,208934.38931431258,247596.0370142197,247745.07687952768,293252.4901926541,293547.24740000285,377939.9695578769,378117.93148745556,422998.39531451685,423194.61223874136,507574.35782160494,507876.7440795521,553374.6742848995,553534.2134946816,592189.3257800112,592518.369809077
-10.0,-52.94117647058823,2020-01-01T00:00:00.000,2020-01-08T00:00:00.000,33298.7887946707,33600.17151812842,72207.0402555574,72492.454897531,117914.12353607189,118239.69943811436,156905.40174126474,157046.18122463388,202558.85048452616,202851.64132737665,287248.609743876,287420.0711152148,332301.0760443818,332502.6726853816,416878.8475622883,417182.9371080862,462676.4354475116,462843.0315746322,501494.6686533209,501823.64315898786,547240.484232641,547531.4018417989,586137.8403303918,586435.1984619547
-10.0,-31.76470588235294,2020-01-01T00:00:00.000,2020-01-08T00:00:00.000,27219.56281658673,27544.98826605122,66215.09191096558,66346.96320582532,111865.2497207608,112156.00334502295,196557.43448054596,196722.03256492328,241603.87004483424,241810.6243070154,326183.3712471303,326489.1001912929,371978.39089465904,372151.6632543073,410800.0386000741,411128.89312718686,456544.8044282625,456837.72400448896,495444.0820676383,495739.50028295995,541155.7850709065,541481.4036690332,580130.4428192085,580305.6416976165
-10.0,-10.588235294117645,2020-01-01T00:00:00.000,2020-01-08T00:00:00.000,21171.68871752805,21460.33268537619,105866.46849469213,106023.7919830007,150906.76912115084,151118.47529359942,235487.9284040616,235795.2338789229,281280.5195549517,281460.12970208947,320105.4355243171,320434.1196946661,365849.1624223695,366144.0159559601,404750.36035033996,405043.7685030477,450461.091069632,450786.79171224,489438.96877496206,489607.5742015511,535102.3805731102,535402.0462465448
-10.0,10.588235294117649,2020-01-01T00:00:00.000,2020-01-08T00:00:00.000,15175.741221588562,15325.319302910159,60209.766212374736,60426.2327799825,144792.51859848434,145101.33869969798,190582.80411979914,190768.448416009,229410.8596017191,229739.3228457712,275153.55759230413,275450.27834835876,314056.67594216706,314348.0027998309,359766.42552195146,360092.15851991274,398747.6851579862,398909.3198303878,444408.64073840296,444706.5217720987,529092.5957096379,529280.6870428014,574160.8718896046,574347.5765799499
-10.0,31.76470588235294,2020-01-01T00:00:00.000,2020-01-08T00:00:00.000,54097.14138195682,54407.41515507481,99885.23025280466,100076.63359000217,138716.31093530945,139044.50256033216,184457.98935147963,184756.51180568663,223363.02976469317,223652.20223390515,269071.7884651483,269397.504081631,308056.6153397626,308210.85412511043,353714.9378964599,354010.9674122108,438400.96914058446,438583.0824347888,483463.34204336215,483655.84020162415,568038.0504395287,568339.2651378176
-10.0,52.94117647058823,2020-01-01T00:00:00.000,2020-01-08T00:00:00.000,9187.785917570354,9384.697335545465,48021.789680464244,48349.658806208296,93762.4571548831,94062.7168796242,132669.4227113609,132956.36620605175,178377.179965,178702.82838643916,217365.79258600526,217512.14399864114,263021.2726684592,263315.382209245,347709.4968058319,347885.32988960133,392765.9424371773,392963.9783678615,477342.5172657043,477645.478437646,523141.9049952335,523303.841739859,561957.7703863994,562286.7968554662
-10.0,74.11764705882352,2020-01-01T00:00:00.000,2020-01-08T00:00:00.000,3066.96046755559,3368.8942343068115,41975.85582212036,42260.49335621886,87682.60010217325,88008.13141546148,126675.25928462869,126813.14738234309,172327.64586262667,172619.76531202963,257018.19641064142,257187.41201015958,302068.66190860985,302272.0015559415,386647.0183764998,386951.66143557214,432443.73346713046,432612.59458845627,471263.12233159714,471592.06241412146,517008.5867310545,517300.1792940253,555906.5835662915,556203.3027341011,601618.9302046287,601944.4665177127
-10.0,95.29411764705881,2020-01-01T00:00:00.000,2020-01-08T00:00:00.000,35985.07248425611,36113.80739165765,81634.05826556847,81924.1165140379,166327.08810670243,166489.30923566554,211371.49173669246,211579.91877862974,295951.55326914345,296257.8146600716,341745.748793694,341921.16951624636,380568.50121824024,380897.3045838512,426312.9195907955,426606.4913124106,465212.837403151,465507.59350706666,510924.21723659005,511249.86870874447,549899.9320823826,550072.971661245,595564.8939676237,595865.7128513678
-10.0,116.47058823529409,2020-01-01T00:00:00.000,2020-01-08T00:00:00.000,75636.19780837533,75790.99522329554,120674.4242158837,120887.73785254663,205256.12148524143,205563.93866789743,251047.93118223763,251229.58422047592,289873.90720254334,290202.52334768587,335617.29004494846,335912.77333963884,374519.12801498774,374811.85042666795,420229.53272511315,420555.2496748904,459208.5192583369,459374.84466809087,504871.129874868,505170.2081294859,589553.7588450257,589745.6816511444
-10.0,137.6470588235294,2020-01-01T00:00:00.000,2020-01-08T00:00:00.000,29977.452650753123,30195.46560138603,114560.72258676369,114870.03397932903,160350.264385323,160537.85766796145,199179.3403427988,199507.7186892976,244921.69747424792,245219.02601926774,283825.4562682329,284116.07343545783,329534.87666779617,329860.6094016021,368517.30327299895,368676.5229191704,414177.4023308972,414474.6736286364,498862.03723470867,499048.16769019346,543928.3468891357,544117.0124437412
-10.0,158.8235294117647,2020-01-01T00:00:00.000,2020-01-08T00:00:00.000,23865.35621957789,24176.101085522347,69652.73495360863,69846.00112510395,108484.80079716274,108812.89058530735,154226.14130690342,154525.249890861,193131.8230091295,193420.26082439045,238840.2491217402,239165.9478791515,277826.31178251235,277977.97974627797,323483.71192029415,323779.10892528406,408170.46050789405,408350.51542494644,453230.8618027965,453425.2329788597,537806.2021811234,538108.0063185893,583607.4683726319,583764.5615689356
10.0,-180.0,2020-01-01T00:00:00.000,2020-01-08T00:00:00.000,18161.169749263383,18405.659695688366,63313.49440310156,63388.07890440345,147845.1266137585,148114.97217238502,232447.61568458093,232769.61783870534,278207.05313685216,278465.69219821465,317079.05084637104,317393.6503253035,362802.5003980137,363123.9426038922,401741.8294705872,401984.35613500705,447429.62976162834,447752.5141993478,532087.9897410094,532351.5475409111
10.0,-158.8235294117647,2020-01-01T00:00:00.000,2020-01-08T00:00:00.000,57149.17595528516,57421.72294690568,141752.68810236963,142075.28150293353,187510.74341758978,187772.567103482,226384.9296761477,226698.43531378792,272107.36908343795,272429.6884294256,311048.94713257824,311287.8200996583,356735.3621900895,357057.4354659876,441394.8832807944,441655.33790493675,571093.5225663054,571349.564677094
10.0,-137.6470588235294,2020-01-01T00:00:00.000,2020-01-08T00:00:00.000,51057.787340775314,51380.92216370117,96814.48840424536,97079.39475571597,135690.83751748066,136003.19468779513,181412.2686044798,181735.41042354112,220356.12920406472,220591.2225348546,266041.1256795859,266362.3322035131,350701.8332830175,350959.0779899432,480397.3465209641,480656.52153554454,564995.9148166917,565315.318371006
10.0,-116.47058823529409,2020-01-01T00:00:00.000,2020-01-08T00:00:00.000,6118.2864163277745,6386.176910003803,44996.77477242103,45307.928131314045,90717.19884200102,91041.10880458824,129663.3789221513,129894.56028939177,175346.9205974336,175667.20419016268,260008.8418654342,260262.76574370175,389701.2216685485,389963.4312231258,474300.8878654835,474621.0677514986,520064.16089347866,520313.7797596735,558930.1798304486,559247.4340033772,604656.3357880979,604800.0
10.0,-95.29411764705881,2020-01-01T00:00:00.000,2020-01-08T00:00:00.000,22.159690216407885,346.7837730527338,38970.69986836046,39197.82987177106,84652.74729838832,84972.0511918446,169315.9113973004,169566.39894302122,299005.14634365356,299270.29544976575,383605.8881872101,383926.7935296595,429367.6959262489,429620.79043279425,468235.98297095136,468552.28588575084,513961.12150026235,514280.9793086454,552896.7686740912,553145.1204720056,598586.8108303254,598910.9248356655
10.0,-74.11764705882352,2020-01-01T00:00:00.000,2020-01-08T00:00:00.000,78623.04442411373,78869.97516605532,123782.92915392695,123844.742421564,208309.1189551952,208577.1158139367,292910.9156953346,293232.49587553553,338671.29089852923,338927.7484081432,377541.8142325619,377857.11291580606,423265.9384730411,423586.7653671361,462203.78535450436,462448.68045968737,507892.491965175,508215.8865013291,592550.0910881222,592815.6603119273
10.0,-52.94117647058823,2020-01-01T00:00:00.000,2020-01-08T00:00:00.000,33079.17396632799,33159.35092961746,117613.13806115287,117883.89380543775,202215.9701695804,202538.17495837767,247974.94370887673,248234.6558647686,286847.6739219783,287161.91481561295,332570.78652554314,332892.52720771177,371510.86172141175,371752.1841111033,417198.20383089955,417520.8240002861,501856.94809723354,502119.4831283947
10.0,-31.76470588235294,2020-01-01T00:00:00.000,2020-01-08T00:00:00.000,26917.202288401044,27190.630807934234,111521.05154348406,111843.8309388395,157278.65242279824,157541.51481486973,196153.56238009076,196466.69129962302,241875.66550382721,242198.2650643113,280818.0005132681,281055.6278971526,326503.94655080617,326825.73711473215,411163.8602470938,411423.2569512758,540861.4580830514,541118.5556480453
10.0,-10.588235294117645,2020-01-01T00:00:00.000,2020-01-08T00:00:00.000,20826.159728308,21149.463962175756,66582.41525726987,66848.32711332149,105459.4799852413,105771.44206646597,151180.5752761557,151503.97916391073,190125.204757745,190359.009138039,235809.7204761399,236130.62562706732,320470.82951784524,320726.97982846753,450165.2992907076,450425.49658583925,534764.2360941157,535083.9041306096,580528.5053234833,580775.7422118585
10.0,10.588235294117649,2020-01-01T00:00:00.000,2020-01-08T00:00:00.000,14765.427122518842,15076.166791714264,60485.5157284958,60809.66971952461,99432.47780239923,99662.32457477861,145115.5259484425,145435.48931220954,229777.8581529075,230030.64965363764,359469.1911503636,359732.39093535655,444069.21824799763,444389.6456250409,489831.9991113104,490082.7893143564,528698.7777699664,529015.7207084396,574424.59416321,574743.7750333857
10.0,31.76470588235294,2020-01-01T00:00:00.000,2020-01-08T00:00:00.000,8739.82335291303,8965.570590578209,54421.363324722304,54740.327930476866,139084.9485471967,139334.2641406302,268773.1319542785,269039.24036898057,353374.2277062707,353695.36357342085,399135.55436035927,399389.7821687378,438004.59025259444,438320.5643374663,483729.3903618618,484049.5773668378,522665.7677603424,522912.98005674244,568355.3677816434,568679.2480624064
10.0,52.94117647058823,2020-01-01T00:00:00.000,2020-01-08T00:00:00.000,48392.10334998345,48637.82079464771,93548.05582794355,93616.56634588458,178077.12023104378,178346.04644868814,262679.2641841158,263001.05814641475,308439.1688419857,308696.72307083337,347310.43095413875,347625.38302185346,393034.21771194186,393355.3553265977,431972.8040487241,432216.52164304035,477661.05920870486,477984.20169701125,562319.0374112073,562583.6065796518
10.0,74.11764705882352,2020-01-01T00:00:00.000,2020-01-08T00:00:00.000,2845.047228873461,2930.4297692948708,87381.15452407284,87652.81060562647,171984.3276433321,172306.72951124943,217742.84049430417,218003.61414300097,256616.30019381104,256930.1764820784,302339.07608904585,302661.1091467061,341279.9009059633,341520.0054678949,386966.7812926412,387289.13109183265,471625.9126027043,471887.41327323724,601325.5929440967,601580.5682630274
10.0,95.29411764705881,2020-01-01T00:00:00.000,2020-01-08T00:00:00.000,81289.4179634947,81612.37782412708,127046.56743514971,127310.45734395695,165922.19832581092,166234.94442818072,211643.96534564724,211966.83905964412,250587.06116384617,250823.42874776086,296272.53437413566,296594.0360299634,380932.843544963,381191.1703382508,510629.39941331564,510887.5412449912,595227.5964954165,595546.7299707386
10.0,116.47058823529409,2020-01-01T00:00:00.000,2020-01-08T00:00:00.000,36350.34795215211,36617.25447818589,75228.12572302895,75539.68655187234,120948.88535661915,121272.54528844586,159894.28795295215,160126.78843257882,205578.31877774722,205898.916292167,290239.83235663135,290494.8757737953,419933.2577154849,420194.46646059566,504532.5604350073,504852.4872554106,550296.3296094646,550544.7640894485,589161.5849856456,589479.1445678284
10.0,137.6470588235294,2020-01-01T00:00:00.000,2020-01-08T00:00:00.000,30253.835966143208,30578.228040147358,69201.58473553185,69430.08115013706,114884.13484422221,115203.77164921386,199546.88129301288,199798.52741660737,329237.1660467541,329501.345657836,413837.55175026954,414158.2208823217,459599.8441396216,459851.7928429923,498467.3788135477,498784.00467265927,544192.8561186921,544512.3785336518,583127.7759407595,583377.2548433386
10.0,158.8235294117647,2020-01-01T00:00:00.000,2020-01-08T00:00:00.000,24189.98290305752,24508.601855175082,108853.99285788777,109102.12291432437,154018.22954651955,154072.49189976117,238541.1228389486,238808.18047198036,323142.5701798213,323463.93101994257,368903.4193814021,369158.76813363313,407773.200669329,408088.8400175696,453497.6626875141,453818.17271678045,492434.7732899537,492680.83301657875,538123.9282336282,538447.5686203887
30.000000000000004,-180.0,2020-01-01T00:00:00.000,2020-01-08T00:00:00.000,24753.726219168922,24828.7239112497,56738.439089392574,56961.33548578615,109284.18269899998,109540.24681061268,193877.472455692,194194.06576212763,232167.8299811103,232392.68599576212,278496.58750345284,278826.83247857273,316758.12681283243,317062.53009517497,363138.7624542438,363441.03038235527,401374.3770027174,401702.17379853793,447812.70019920636,448027.7459814675,486009.2349637574,486318.7431719138,570666.5340252391,570908.1135540205
30.000000000000004,-156.0,2020-01-01T00:00:00.000,2020-01-08T00:00:00.000,18650.050421654938,18820.777231115975,50708.60027375361,50880.274693349114,103215.5146610237,103499.10150328143,141553.04228853201,141640.367906116,187818.73137202993,188144.67067792558,226097.52709082814,226358.7157958025,272445.63949186116,272771.2159268762,310698.72418748523,311016.2101578496,357096.8659234899,357377.85307706054,395321.5690460075,395647.7422471013,441790.7587881255,441946.0479567043,479963.11902431515,480256.01062710286,532607.2849994282,532738.9941605913,564632.5408404184,564831.5314365709
30.000000000000004,-132.0,2020-01-01T00:00:00.000,2020-01-08T00:00:00.000,12568.459200477293,12791.386249472853,44698.997933774896,44778.34078914042,97150.84001545508,97454.55377691811,135455.9397129793,135634.12089233624,181762.72705653444,182093.09042489596,220032.07532468348,220319.39948488426,266397.4918632397,266713.31990043464,304641.7660925195,304966.930474518,351059.33968543826,351310.8044697608,389270.904928968,389590.62276951794,473919.99775499676,474189.70181287266,526518.2138854669,526716.7782214674,558609.620855945,558743.2491408751
30.000000000000004,-108.0,2020-01-01T00:00:00.000,2020-01-08T00:00:00.000,6495.077587167654,6754.406776254068,91089.46480148716,91407.28294682986,129378.60380543294,129607.62164595089,175709.37604165898,176039.39686557697,213970.12177389115,214276.08461217862,260352.41790750134,260652.86255564226,298587.0311891385,298914.90338792145,345027.9591901853,345238.10307950515,383222.5084860083,383530.6795626816,467880.7975875097,468118.8753535199,520441.2095594873,520683.1259579118
30.000000000000004,-84.0,2020-01-01T00:00:00.000,2020-01-08T00:00:00.000,426.8662622014166,712.8619404518511,38759.23223736501,38859.99285099749,85031.01006257246,85357.65443763207,123308.86899658492,123573.03114255985,169658.7045534427,169983.553441713,207910.970457282,208229.4593588727,254310.91603219157,254589.3378725926,292534.4279272301,292860.21055197244,339007.61406583234,339154.8546653281,377176.6548405137,377467.62438443385,429815.28178566584,429955.88166833983,461847.527458413,462041.50628100446,514370.5670857523,514643.7251129743,598969.9389188719,599292.5325134227
30.000000000000004,-60.00000000000001,2020-01-01T00:00:00.000,2020-01-08T00:00:00.000,32665.800225640098,32850.023859256726,78975.27789216986,79305.85381337207,117243.8026854183,117533.2768588528,163610.8535739447,163925.4094689,201854.2348386665,202179.90237688337,248273.90850952326,248521.8169589888,286483.9748291101,286802.82229994744,371133.8608175321,371400.9270700921,423728.0580143726,423931.8795866748,455826.4329943555,455951.331783738,508304.3665341265,508600.4795510525,546618.2187751803,546768.8085769688,592912.8373400449,593241.8416065298
30.000000000000004,-36.0,2020-01-01T00:00:00.000,2020-01-08T00:00:00.000,26589.448630772462,26822.48828257501,72922.19641976246,73251.94132494944,111182.14566696006,111489.61184094721,157566.1145044496,157864.66501769106,195799.708098274,196127.61146602055,242243.32809749746,242448.36140957533,280435.8083222826,280742.5902145185,365095.11696445703,365329.5812741797,417651.8576988197,417897.4823650265,502241.70212313253,502554.280011001,540535.977392496,540747.4213491371,586858.410833872,587189.0199870495
30.000000000000004,-12.0,2020-01-01T00:00:00.000,2020-01-08T00:00:00.000,20520.25674096746,20787.30255543474,66871.80298900978,67195.8693966563,105123.24211681476,105442.6847139437,151525.01666017887,151800.78350301052,189747.30962122098,190072.65702637026,236224.77681964517,236363.3646954385,274390.2216582986,274679.2080328946,327023.60040328477,327172.45982304343,359062.6165811258,359251.3777957916,411581.73334052373,411857.62144082756,496182.0885832823,496505.59784345614,534463.7930233157,534715.4888113694,580806.6412776374,581134.0757663499
30.000000000000004,12.0,2020-01-01T00:00:00.000,2020-01-08T00:00:00.000,14455.56456226321,14747.121293535622,60824.25175685096,61137.47431371711,99066.72707285034,99392.8522129336,145488.54672400997,145732.77147749628,183697.06882482526,184014.99858644948,268347.7636997628,268612.1127193662,320938.01116725575,321146.88436758635,353043.63354098215,353159.02548991016,405515.92644392804,405814.0383797036,443827.34699660505,443985.43583525834,490125.2628628061,490454.6831947265,528397.1082963571,528677.5633987295,574757.6204892643,575076.9063243975
30.000000000000004,36.0,2020-01-01T00:00:00.000,2020-01-08T00:00:00.000,8394.198081250057,8703.112268732866,54779.85307727539,55076.43721759891,93012.40761158221,93340.2980771914,139458.8151649344,139658.51296512946,177649.13491703055,177954.4747688778,230356.5387024542,230376.17844753712,262309.4949070144,262540.22863023233,314862.5707656887,315111.78688102856,399453.59089178726,399767.56460828305,437746.5119884807,437962.590699042,484071.1050823363,484401.64413166285,522334.2254186445,522635.337134983,568711.5718679453,569017.2796454917
30.000000000000004,60.00000000000001,2020-01-01T00:00:00.000,2020-01-08T00:00:00.000,2335.5389660740925,2655.886503736535,48739.16927028169,49012.18879653747,86960.21432548916,87285.08160555043,133442.30828393294,133571.5173685924,171603.82023085162,171890.76018114807,224232.19176342152,224388.77828388909,256277.81770001978,256461.13706162258,308792.9473418016,309071.48220053245,347146.0075789552,347195.77921744843,393394.2705802626,393718.64254336583,431674.9873077899,431929.94648723584,478019.608111123,478346.4769118654,516274.30855426344,516589.6390237212,562668.9118547463,562954.7713795229,600895.9193836586,601222.7403913768
30.000000000000004,84.0,2020-01-01T00:00:00.000,2020-01-08T00:00:00.000,42703.25741222491,42943.665131529444,80910.18721889939,81227.15143427388,165561.70777103677,165823.2574829083,218148.06645518984,218361.79970365972,250261.32837154597,250366.22445077673,302727.5256328245,303027.56994309044,341036.69366477005,341201.84653255646,387337.7196396737,387667.5051663928,425608.72726865695,425891.5439255439,471970.8757980869,472289.0679847146,510216.8991912301,510540.9198434459,556630.3990959371,556888.6159795205,594844.8363896875,595166.1547113594
30.000000000000004,108.0,2020-01-01T00:00:00.000,2020-01-08T00:00:00.000,36674.42992820457,36868.548506692714,74862.4888025975,75166.33284389063,127551.30933831657,127606.26775490749,159523.93447810254,159750.8144628088,212073.34645905078,212326.040846709,296665.51443382713,296980.82641875965,334957.1312080093,335177.6772094084,381283.8306205632,381614.2482164528,419546.1611875294,419848.9477775603,465925.14735342504,466229.1690030769,504161.74547815,504489.42265116837,550597.5440140008,550817.2971187575,588795.987427532,589106.7813934067
30.000000000000004,132.0,2020-01-01T00:00:00.000,2020-01-08T00:00:00.000,30660.294480919325,30779.226873634438,68817.45137909,69102.28036924706,121441.01799751635,121604.87465707008,153493.14148831434,153670.7734471292,206004.2080881056,206285.308591397,244348.20621418723,244419.39122783384,290606.4848567483,290931.66676667886,328886.23262070405,329144.3548427191,375232.60745992936,375558.85702624364,413486.5034595445,413802.9368131905,459882.8649593359,460166.3304774319,498108.7329237386,498435.2521707764,544574.1669222009,544736.9895559525,582749.6135330277,583044.3666562741
30.000000000000004,156.0,2020-01-01T00:00:00.000,2020-01-08T00:00:00.000,62775.69454006335,63034.35997648104,115358.21757504587,115576.63183634666,147479.68471291353,147572.76132104243,199939.16363124055,200241.07492512368,238246.2318146354,238418.06767141077,284550.20767175284,284880.30755938124,322820.38322913257,323105.4890557655,369184.16610355093,369501.20595849765,407429.3208356702,407753.9363493229,453844.8374104461,454099.73666085536,492057.8588564163,492378.4001779284,538586.0904872995,538621.8663110704,576706.1732521433,576978.4381431069
50.0,-180.0,2020-01-01T00:00:00.000,2020-01-08T00:00:00.000,24930.68819050249,25264.121874883756,56377.56407602263,56702.757423559764,109562.71774416007,109884.7353683284,141000.26075504711,141331.3849652883,194208.59086735075,194496.23527428758,200482.448596189,200627.163055426,225629.93977192015,225948.2720383481,278874.63539589767,279092.263953096,285051.10221686674,285290.9397315342,310266.8267814798,310553.1359641537,369643.3762581369,369936.0257241399,394913.5002446404,395143.34522302164,401104.97822164436,401329.8980011931,454249.6614729876,454571.9921335072,479582.51326635235,479706.3067151585,485703.0008164819,485993.4389514622,538867.7746415361,539200.9706160544,570315.613366585,570637.7213169959
50.0,-147.27272727272728,2020-01-01T00:00:00.000,2020-01-08T00:00:00.000,18941.46412238653,19248.741675893867,44233.36261606289,44431.40922168011,50399.186093592456,50655.4672961143,103552.6316426292,103881.72196312755,135004.10437783692,135310.21540125975,188175.3871590272,188507.93109698547,219620.5413177146,219948.76690789117,272810.26745800226,273126.7800759887,304244.90690230654,304574.6710823201,357459.8347043302,357735.6641563076,363710.60421368695,363882.92855469463,388876.1688585414,389188.9072610064,442132.6838800235,442325.96274064045,448286.531382709,448540.55904917547,473514.953377268,473790.79220600385,479771.13667991414,479889.86421881616,532882.3087105955,533183.2629810702,558164.8260421453,558376.7088616106,564341.057553544,564585.1271911026
50.0,-114.54545454545456,2020-01-01T00:00:00.000,2020-01-08T00:00:00.000,6782.4477720498,7032.116701883069,12994.467905399744,13206.426201104985,38187.71157970076,38488.7706642167,91473.71882112668,91605.81825798065,97580.03353534301,97856.34814534217,122830.0492095434,123085.13095031705,129049.10737241825,129233.1074935755,182181.53015115333,182495.24615696084,207487.05191266167,207661.93178529735,213637.36639480133,213908.13717349633,266795.3235459283,267126.706688712,298245.4880374125,298558.644446927,351420.69712402235,351751.39223778964,382863.9339746593,383194.1409292661,436058.54848739196,436368.35424653214,467489.9187820509,467817.3678592224,520712.1710912928,520974.2599589102,526941.2717427169,527136.4519222109,552122.7942799502,552428.9187525053
50.0,-81.81818181818184,2020-01-01T00:00:00.000,2020-01-08T00:00:00.000,731.4046354674293,1056.4641805621038,32170.701856588374,32502.19884497393,85374.97278395198,85669.54920680898,91665.83476202244,91787.97949536618,116799.33305409546,117120.84359634349,170037.17595841992,170268.70272499672,176228.05340023208,176457.43935500496,201435.02463447448,201727.62219519902,254749.73229959718,254822.19340665432,260817.79986297476,261104.30430217917,286079.84207987593,286320.41450108594,292281.8677745512,292492.0158418649,345422.2088803207,345741.40504014574,370743.0775476307,370889.8859748622,376876.47904721345,377159.6584039036,430038.59873425553,430371.372624238,461487.4001215711,461806.3267698109,514666.63516739133,514994.48723211413,546107.7230976962,546438.8968325943,599307.6101434478,599609.4078023173
50.0,-49.090909090909115,2020-01-01T00:00:00.000,2020-01-08T00:00:00.000,20082.441838178693,20156.776427725796,26176.835302299092,26477.48860013511,79345.52083803338,79678.76270280303,110791.84228278343,111118.1658267533,163978.48897897018,164298.79990950733,195415.10197369885,195745.8792569361,248625.55915542672,248909.46235019277,254891.48240584356,255046.07292644776,280045.3064568749,280361.8853030817,333293.7109501747,333503.7419583128,339462.8031662226,339707.55814987037,364682.8106231373,364965.77211031964,370961.551965476,371037.9097427714,424056.27934168646,424351.8161440274,449330.4882158608,449554.6129578724,455516.8341970104,455748.50229953154,508663.48661700316,508987.2310936919,534003.2393193196,534113.4698662555,540116.3830789297,540410.1715153349,593282.4609815918,593615.7150479651
50.0,-16.363636363636388,2020-01-01T00:00:00.000,2020-01-08T00:00:00.000,13997.256580209722,14261.077821224977,20229.040258364264,20391.942171477145,73354.75034104327,73664.28257516075,98651.05685167194,98841.81148556793,104811.79848922529,105073.16225923046,157966.79756277392,158296.75214413102,189417.8371099441,189726.44442174642,242590.42184563843,242922.45754963183,274034.9604194099,274363.9612149808,327226.277684181,327540.692652127,358659.87033257063,358988.96878681856,411877.15149270516,412148.62927850673,418120.5948506381,418300.97157926555,443291.6657302004,443602.3146912097,496552.6532183226,496736.6335706938,502698.54975026025,502956.9500178608,527931.1167442778,528203.1717978276,534178.6152807529,534313.1188812287,587295.4327296044,587598.9216477913
50.0,16.36363636363634,2020-01-01T00:00:00.000,2020-01-08T00:00:00.000,7968.892720698782,8293.148765051847,61200.51492479642,61444.45858433335,67405.52027424517,67623.54334782703,92603.43243320631,92901.79658992932,145897.11654728695,146013.18806238275,151992.54014612138,152272.38587020774,177246.56177018606,177497.00287549724,183459.72706416465,183653.0679990931,236595.02241947126,236910.67011621172,261905.4120916103,262071.59109574932,268050.3082539234,268325.4307151006,321209.68368372216,321541.63091746136,352659.4023605159,352974.61923800956,405835.9390376387,406165.7989422939,437278.4870900531,437609.1275769319,490474.81283065607,490782.0994327247,496824.692981533,496851.03599446523,521905.0038111113,522231.46912085544,575129.8872179249,575386.9121257189,581351.9121778674,581553.9351892081
50.0,49.090909090909065,2020-01-01T00:00:00.000,2020-01-08T00:00:00.000,1963.3346795995403,2287.27590324836,55147.023373280994,55470.623038174934,86585.46063081686,86916.82464666622,139791.72997905946,140082.9294869379,146073.86188998542,146207.83605561734,171214.61544176246,171534.59131322816,224455.7974160443,224680.5771619853,230639.51694172094,230874.2354128653,255850.8986984307,256140.41891050184,309185.537839873,309217.24324303487,315230.5492851622,315520.18897038646,340496.62072798394,340731.94319652655,346693.3156048151,346911.0763217586,399835.9021270905,400156.7168823165,425162.52034110215,425298.38440727285,431289.69821276853,431576.6025524778,484453.1539846714,484786.1897090216,515901.48050138244,516222.06249070494,569082.0910611264,569408.7670612866,600522.4050025832,600853.6809416416
50.0,81.81818181818178,2020-01-01T00:00:00.000,2020-01-08T00:00:00.000,49138.530435111556,49466.656524728634,74509.86270988063,74557.13777497638,80590.43629630911,80893.89757830663,133760.42033187507,134093.36594913734,165206.1683292746,165533.5020382144,218394.33840574318,218712.8153011041,249829.98407720868,250160.3079263995,303042.63892857113,303322.60674674605,309300.8861641795,309464.6429029964,334460.71597173106,334775.43057625735,387713.0497950883,387914.98548407096,393874.6144592436,394124.096544953,419098.8521153541,419378.324786757,425365.0982496143,425465.14532972313,478469.2572263601,478767.5615118205,503747.5933984777,503965.7375895525,509928.8656676686,510166.90706385224,563077.377282855,563402.4340133154,588425.0165821787,588519.5557831511,594529.8415537872,594826.803667786
50.0,114.5454545454545,2020-01-01T00:00:00.000,2020-01-08T00:00:00.000,37051.35900207983,37197.43954378904,43167.61183360345,43440.25547166546,68413.61548667893,68673.15457455268,74638.85459802879,74812.75597611771,127768.10592600411,128079.78384377877,153068.94468092604,153251.9945625101,159224.5276666988,159490.7164845069,212381.02819051256,212711.7470677537,243831.63233412412,244142.58678021008,297005.52495596936,297336.94489152025,328449.42487157695,328779.08567214105,381642.37075800245,381954.5513229816,413074.8742991744,413403.20105584455,466294.5948657287,466561.49586259853,472530.82587859355,472718.8042404702,497707.20728052215,498015.6521274688,550973.0097094704,551146.9455711416,557110.6658278187,557373.273169067,582347.3448078225,582615.4609992787,588587.068554238,588735.3748133418
50.0,147.27272727272722,2020-01-01T00:00:00.000,2020-01-08T00:00:00.000,30958.315911293023,31256.097607675492,37258.54277144402,37367.41774475688,62384.09225560982,62707.02929650129,115618.753419391,115856.6582752222,121816.71852022846,122040.5446534462,147019.20302064653,147314.74762100063,200322.05795030342,200419.0431814455,206405.12956493616,206688.37055500736,231663.15769160315,231908.76577778807,237870.66081979198,238072.69049778927,291008.5821680448,291326.0562543663,316324.06810461055,316480.9281393152,322463.34751638136,322742.6028070148,375624.1086993509,375956.51959965506,407073.3735848941,407390.51282950246,460251.25144692685,460580.1642221535,491693.0836383348,492024.04614948307,544891.1659241229,545195.7843614754,551220.584138527,551282.9215974552,576320.1294675258,576645.5047182194
50.0,179.99999999999994,2020-01-01T00:00:00.000,2020-01-08T00:00:00.000,24930.688190502486,25264.12187488375,56377.56407602263,56702.75742355976,109562.71774416007,109884.73536832842,141000.26075504711,141331.3849652883,194208.5908673507,194496.23527428787,200482.448596189,200627.163055426,225629.93977192015,225948.2720383481,278874.63539589767,279092.263953096,285051.10221686674,285290.9397315342,310266.8267814798,310553.1359641537,369643.3762581369,369936.0257241399,394913.5002446404,395143.3452230217,401104.9782216444,401329.89800119307,454249.6614729876,454571.9921335073,479582.51326635235,479706.30671515863,485703.00081648194,485993.4389514622,538867.774641536,539200.9706160544,570315.6133665849,570637.7213169959
70.0,-180.0,2020-01-01T00:00:00.000,2020-01-08T00:00:00.000,31385.191201532954,31693.640907601897,37554.470383267246,37889.51969802156,43750.05368874572,44084.42032905511,49947.66518113537,50245.45257631657,116021.00560783145,116315.1653819027,122178.891791451,122513.29666651209,128373.7862841175,128708.6714037519,134569.4784808219,134880.40405436658,200660.6844425603,200934.97599941955,206804.14250316113,207137.17878309224,212997.3833525359,213332.44352096386,219192.2918973782,219512.42674893077,225431.33443791856,225582.97931034456,285305.3840324301,285552.0627872628,291430.54456090723,291761.07464535173,297620.86749934533,297955.96430716274,303815.71915613656,304142.08501708944,310034.97677004733,310245.8009278585,369957.17922250135,370164.48646512494,376058.46161844453,376384.84165690956,382244.314450451,382579.4125663131,388439.48199270834,388769.8497337042,394647.8274892292,394896.8896058815,454621.36194134416,454767.07591625955,460688.3042526222,461008.2738163776,466867.85279257357,467202.91563785466,473063.37747842853,473396.13058633095,479265.1626323691,479541.09175130806,545320.5454375973,545631.0909276671,551491.6627366291,551826.547790024,557687.2624627587,558021.2907435744,563885.1437908829,564180.3799613527
70.0,-120.00000000000001,2020-01-01T00:00:00.000,2020-01-08T00:00:00.000,13227.014533906573,13436.27675537391,19329.474513357178,19656.155884556643,25515.542953444532,25850.811563080893,31710.747551842134,32041.02389439707,37919.74092219734,38166.825214884506,97890.43286419832,98039.47003294656,103959.2158978765,104279.57936638092,110139.06499907267,110474.29612934048,116334.61368986907,116667.37688419408,122536.83428388154,122811.36556329086,188591.33255123076,188902.40124062254,194762.8512468144,195097.90436136376,200958.4786147325,201292.58887751625,207156.6548425276,207450.90440638617,273226.38743902073,273524.2367926423,279387.12772317784,279721.66039619164,285582.249659341,285916.98367495637,291778.19708044175,292086.5944281494,357865.1056089105,358144.52489154454,364012.1655527174,364345.53622791026,370205.88566802815,370540.8435509663,376400.8437937388,376719.2127467475,382646.6393256794,382779.8739147946,442508.52919362753,442762.373396414,448638.2777156279,448969.4525440711,454829.39745802956,455164.40661653073,461024.17764102505,461349.3517271248,467246.66733077937,467446.90436966665,527158.4329297803,527376.1443529199,533265.8183837562,533593.2774608748,539452.8487907023,539787.8629316989,545647.9002023232,545977.4992264251,551858.1149292989,552099.9639617014
70.0,-60.00000000000001,2020-01-01T00:00:00.000,2020-01-08T00:00:00.000,1135.6059585110997,1415.94212765666,7283.315622827143,7616.878748006903,13477.117230121878,13812.230431890752,19672.203532498992,19990.121032784384,25920.367832419393,26047.718073884214,85778.78678587565,86033.88813666484,91909.36722394163,92240.7702891069,98100.6200024638,98435.79715654296,104295.47596562291,104620.38681116121,110519.10822630757,110716.14506866688,170428.34532718803,170647.85195309616,176536.83046913432,176864.5763791561,182724.0609115582,183059.24565836537,188919.15409303768,189248.63477988465,195130.07831599706,195369.78640692445,255088.171503729,255254.0688231803,261166.10201757486,261488.1096229646,267347.5540732792,267682.7176737275,273543.0161346825,273875.289567683,279746.3845809565,280015.6550034134,339779.3300711529,339831.5895347402,345797.63544142485,346111.1127803763,351971.2657566715,352306.30210800876,358166.9033076715,358500.7264715095,364365.72876333643,364656.1800245757,430431.9680805397,430733.2299976014,436595.4114789158,436930.03493322636,442790.7112577054,443125.27840513387,448986.97103102866,449292.6449585992,515069.77887762256,515353.9494249089,521220.2527199738,521553.8996909401,527414.3873009539,527749.2372631265,533609.4313405732,533925.8871832984,539863.8421108936,539974.752024293,599712.0151507366,599972.4771666586
70.0,0.0,2020-01-01T00:00:00.000,2020-01-08T00:00:00.000,1438.1437943457913,1772.0316646755607,7637.299298327895,7926.661132396162,73702.66983409255,74004.57259732486,79866.59595946547,80201.39136941811,86061.93629005071,86396.62173988187,92258.41697261076,92563.33481851435,158340.30209605172,158625.33530444893,164491.39430747746,164825.22905544244,170685.6015817543,171020.60199653756,176880.78740597374,177196.7434803663,183138.31151551288,183241.78813525673,242982.30962264573,243243.94843015744,249117.17788753894,249449.13281665405,255309.13606179034,255644.22296280728,261503.94822469683,261827.52030852856,267731.430348895,267916.4381651601,327630.1956566607,327859.04904983833,333744.28926888836,334072.9858900588,339932.588791965,340267.68830880575,346127.572835729,346456.1772620304,352340.66258060816,352572.392982782,412287.0702197845,412467.65515054954,418373.1144271693,418696.6150041507,424556.0620462678,424891.1513309043,430751.42339471576,431083.1519484579,436956.07983269956,437219.69806642516,496964.5101872536,497058.3055268126,503004.0923481675,503319.7805213107,509179.7105747275,509514.7130228151,515375.32811232493,515708.8296892828,521574.8951758165,521861.26853881695,587637.7377899251,587942.152139886,593803.7393385777,594138.4210174804,599999.1709052883,600333.5527442473
70.0,60.00000000000001,2020-01-01T00:00:00.000,2020-01-08T00:00:00.000,55556.61272577568,55739.65864164179,61644.07936577523,61967.9234998698,67827.28319799255,68162.54195823212,74022.67294178234,74354.36484618383,80227.85881029612,80489.81709763074,140232.43613547395,140331.7632385351,146274.94491993333,146591.086458313,152450.91213312294,152786.08207307302,158646.55330879602,158980.1043117234,164846.47911484254,165131.67594286945,230908.45238205965,231213.47205599875,237074.91227389124,237409.76445793346,243270.3796501049,243604.86978537397,249467.25542983765,249769.17627990717,315545.2337426158,315834.61923469906,321699.5328608349,322033.5870815027,327894.0850958665,328228.9645301809,334089.41190232406,334403.24741726177,340360.6859945976,340431.30729820847,400186.1438008075,400453.8306788981,406325.0661877405,406657.4963008922,412517.6543557063,412852.64915511076,418712.44568421075,419034.55979732116,424944.3947538095,425115.9738423921,484832.506942466,485069.9245973144,490951.84568381996,491281.38682852633,497141.12461118365,497476.1381969276,503336.0055512039,503663.6467859591,509551.5302461363,509774.60666116496,569486.8753072066,569680.4797651398,575580.2471296471,575905.0988663655,581764.5863085678,582099.5965523307,587959.8366413477,588290.9599272212,594165.9365293598,594423.4764242898
70.0,120.00000000000001,2020-01-01T00:00:00.000,2020-01-08T00:00:00.000,43456.53156816099,43725.28882547025,49596.187942407865,49928.826035751896,55788.88137134059,56124.039439875225,61983.772294114984,62305.53501947453,68217.27283758414,68384.72330416313,128102.61007882832,128341.51847402072,134222.89873528073,134552.69439575035,140412.34229047145,140747.52613598807,146607.27981213876,146934.73517497448,152823.69192577293,153044.17936589682,212756.53653253673,212952.35997566712,218851.21342664797,219176.39128416745,225035.79179442464,225370.97193495694,231231.0733885994,231562.13685065813,237437.75000929198,237693.49881876545,297425.5433553899,297550.7006235395,303481.5548671969,303799.6969252706,309659.37025254464,309994.49233569234,315854.96432549995,316188.13851499325,322055.76333756844,322336.4902998353,388114.41371370293,388422.309469121,394283.2690565206,394618.1498113743,400478.82168218895,400813.09383185435,406676.1621893379,406974.86094589025,472750.38809444354,473043.8050380562,478907.72712570906,479241.95387192565,485102.5670486883,485437.3154064214,491298.0810363669,491609.62641536776,557390.2677816533,557663.5543824192,563533.0275422066,563865.862329934,569726.173539558,570061.0736910244,575920.9711568061,576241.4999317804,582158.1876548176,582314.5643335937
90.0,-180.0,2020-01-01T00:00:00.000,2020-01-08T00:00:00.000
